IATA,NAME,CITY
AAF,Apalachicola Regional Airport,Apalachicola
AAP,Andrau Airpark,Houston
ABE,Lehigh Valley International Airport,Allentown
ABI,Abilene Regional Airport,Abilene
ABL,Ambler Airport,Ambler
ABQ,Albuquerque International Sunport,Albuquerque
ABR,Aberdeen Regional Airport,Aberdeen
ABY,Southwest Georgia Regional Airport,Albany
ACK,Nantucket Memorial Airport,Nantucket
ACT,Waco Regional Airport,Waco
ACV,California Redwood Coast-Humboldt County Airport,Arcata CA
ACY,Atlantic City International Airport,Atlantic City
ADK,Adak Airport,Adak Island
ADM,Ardmore Municipal Airport,Ardmore
ADQ,Kodiak Airport,Kodiak
ADS,Addison Airport,Addison
ADT,Ada Regional Airport,Ada
ADW,Joint Base Andrews,Camp Springs
AET,Allakaket Airport,Allakaket
AEX,Alexandria International Airport,Alexandria
AFW,Fort Worth Alliance Airport,Fort Worth
AGC,Allegheny County Airport,Pittsburgh
AGN,Angoon Seaplane Base,Angoon
AGS,Augusta Regional At Bush Field,Bush Field
AHN,Athens Ben Epps Airport,Athens
AIA,Alliance Municipal Airport,Alliance
AID,Anderson Municipal Darlington Field,ANDERSON
AIK,Aiken Regional Airport,Aiken
AIN,Wainwright Airport,Wainwright
AIZ,Lee C Fine Memorial Airport,Kaiser Lake Ozark
AKB,Atka Airport,Atka
AKC,Akron Fulton International Airport,Akron
AKI,Akiak Airport,Akiak
AKK,Akhiok Airport,Akhiok
AKN,King Salmon Airport,King Salmon
AKO,Colorado Plains Regional Airport,Akron
AKP,Anaktuvuk Pass Airport,Anaktuvuk Pass
ALB,Albany International Airport,Albany
ALE,Alpine Casparis Municipal Airport,Alpine
ALI,Alice International Airport,Alice
ALM,Alamogordo White Sands Regional Airport,Alamogordo
ALN,St Louis Regional Airport,Alton/St Louis
ALO,Waterloo Regional Airport,Waterloo
ALS,San Luis Valley Regional Bergman Field,Alamosa
ALW,Walla Walla Regional Airport,Walla Walla
ALX,Thomas C Russell Field,Alexander City
AMA,Rick Husband Amarillo International Airport,Amarillo
ANB,Anniston Regional Airport,Anniston
ANC,Ted Stevens Anchorage International Airport,Anchorage
AND,Anderson Regional Airport,Andersen
ANI,Aniak Airport,Aniak
ANN,Annette Island Airport,Annette Island
ANP,Lee Airport,Annapolis
ANQ,Tri State Steuben County Airport,Angola
ANV,Anvik Airport,Anvik
AOH,Lima Allen County Airport,Lima
AOO,Altoona Blair County Airport,Altoona
APA,Centennial Airport,Denver
APC,Napa County Airport,Napa
APF,Naples Municipal Airport,Naples
APG,Phillips Army Air Field,Aberdeen
APN,Alpena County Regional Airport,Alpena
APT,Marion County Brown Field,Jasper
ARA,Acadiana Regional Airport,Louisiana
ARB,Ann Arbor Municipal Airport,Ann Arbor
ARC,Arctic Village Airport,Arctic Village
ART,Watertown International Airport,Watertown
ARV,Lakeland-Noble F. Lee Memorial field,Minocqua - Woodruff
ASE,Aspen-Pitkin Co/Sardy Field,Aspen
ASH,Boire Field,Nashua
ASN,Talladega Municipal Airport,Talladega
AST,Astoria Regional Airport,Astoria
ATK,Atqasuk Edward Burnell Sr Memorial Airport,Atqasuk
ATL,Hartsfield Jackson Atlanta International Airport,Atlanta
ATO,Ohio University Snyder Field,Athens
ATW,Appleton International Airport,Appleton
ATY,Watertown Regional Airport,Watertown
AUG,Augusta State Airport,Augusta
AUK,Alakanuk Airport,Alakanuk
AUO,Auburn University Regional Airport,Auburn
AUS,Austin Bergstrom International Airport,Austin
AUW,Wausau Downtown Airport,Wausau
AVL,Asheville Regional Airport,Asheville
AVO,Avon Park Executive Airport,Avon Park
AVP,Wilkes Barre Scranton International Airport,Scranton
AVW,Marana Regional Airport,Tucson
AVX,Catalina Airport,Catalina Island
AXN,Chandler Field,Alexandria
AYS,Waycross Ware County Airport,Waycross
AZA,Phoenix-Mesa-Gateway Airport,Mesa
AZO,Kalamazoo Battle Creek International Airport,Kalamazoo
BAB,Beale Air Force Base,Marysville
BAD,Barksdale Air Force Base,Shreveport
BAF,Westfield-Barnes Regional Airport,Westfield
BBC,Bay City Municipal Airport,Bay City
BBD,Curtis Field,Brady
BBX,Wings Field,Philadelphia
BCE,Bryce Canyon Airport,Bryce Canyon
BCT,Boca Raton Airport,Boca Raton
BDE,Baudette International Airport,Baudette
BDL,Bradley International Airport,Windsor Locks
BDR,Igor I Sikorsky Memorial Airport,Stratford
BEC,Beech Factory Airport,Wichita
BED,Laurence G Hanscom Field,Bedford
BET,Bethel Airport,Bethel
BFD,Bradford Regional Airport,Bradford
BFF,Western Neb. Rgnl/William B. Heilig Airport,Scottsbluff
BFI,Boeing Field King County International Airport,Seattle
BFK,Buckley Air Force Base,Buckley
BFL,Meadows Field,Bakersfield
BFM,Mobile Downtown Airport,Mobile
BFP,Beaver County Airport,Beaver Falls
BFT,Beaufort County Airport,Beaufort
BGD,Hutchinson County Airport,Borger
BGE,Decatur County Industrial Air Park,Bainbridge
BGM,Greater Binghamton/Edwin A Link field,Binghamton
BGR,Bangor International Airport,Bangor
BHB,Hancock County-Bar Harbor Airport,Bar Harbor
BHM,Birmingham-Shuttlesworth International Airport,Birmingham
BID,Block Island State Airport,Block Island
BIF,Biggs Army Air Field (Fort Bliss),El Paso
BIG,Allen Army Airfield,Delta Junction
BIH,Eastern Sierra Regional Airport,Bishop
BIL,Billings Logan International Airport,Billings
BIS,Bismarck Municipal Airport,Bismarck
BIX,Keesler Air Force Base,Biloxi
BJC,Rocky Mountain Metropolitan Airport,Broomfield-CO
BJI,Bemidji Regional Airport,Bemidji
BKC,Buckland Airport,Buckland
BKD,Stephens County Airport,Breckenridge
BKE,Baker City Municipal Airport,Baker City
BKG,Branson Airport,Branson
BKH,Barking Sands Airport,Barking Sands
BKL,Burke Lakefront Airport,Cleveland
BKW,Raleigh County Memorial Airport,Beckley
BLF,Mercer County Airport,Bluefield
BLH,Blythe Airport,Blythe
BLI,Bellingham International Airport,Bellingham
BLV,Scott AFB/Midamerica Airport,Belleville
BMC,Brigham City Regional Airport,Brigham City
BMG,Monroe County Airport,Bloomington
BMI,Central Illinois Regional Airport at Bloomington-Normal,Bloomington
BMT,Beaumont Municipal Airport,Beaumont
BMX,Big Mountain Airport,Big Mountain
BNA,Nashville International Airport,Nashville
BNG,Banning Municipal Airport,Banning
BNO,Burns Municipal Airport,Burns
BOI,Boise Air Terminal/Gowen Field,Boise
BOS,General Edward Lawrence Logan International Airport,Boston
BOW,Bartow Municipal Airport,Bartow
BPI,Miley Memorial Field,Big Piney
BPT,Southeast Texas Regional Airport,Beaumont
BQK,Brunswick Golden Isles Airport,Brunswick
BRD,Brainerd Lakes Regional Airport,Brainerd
BRL,Southeast Iowa Regional Airport,Burlington
BRO,Brownsville South Padre Island International Airport,Brownsville
BRW,Wiley Post Will Rogers Memorial Airport,Barrow
BSF,Bradshaw Army Airfield,Bradshaw Field
BTI,Barter Island LRRS Airport,Barter Island
BTL,W K Kellogg Airport,Battle Creek
BTM,Bert Mooney Airport,Butte
BTR,Baton Rouge Metropolitan Airport,Baton Rouge
BTT,Bettles Airport,Bettles
BTV,Burlington International Airport,Burlington
BUF,Buffalo Niagara International Airport,Buffalo
BUR,Bob Hope Airport,Burbank
BVY,Beverly Municipal Airport,Beverly
BWG,Bowling Green Warren County Regional Airport,Bowling Green
BWI,Baltimore/Washington International Thurgood Marshall Airport,Baltimore
BXK,Buckeye Municipal Airport,Buckeye
BYH,Arkansas International Airport,Blytheville
BYI,Burley Municipal Airport,Burley
BYS,Bicycle Lake Army Air Field,Fort Irwin
BZN,Gallatin Field,Bozeman
CAE,Columbia Metropolitan Airport,Columbia
CAK,Akron Canton Regional Airport,Akron
CAR,Caribou Municipal Airport,Caribou
CBE,Greater Cumberland Regional Airport,Cumberland
CBF,Council Bluffs Municipal Airport,Council Bluffs
CBM,Columbus Air Force Base,Colombus
CCB,Cable Airport,Upland
CCR,Buchanan Field,Concord
CCY,Northeast Iowa Regional Airport,Charles City
CDB,Cold Bay Airport,Cold Bay
CDC,Cedar City Regional Airport,Cedar City
CDN,Woodward Field,Camden
CDR,Chadron Municipal Airport,Chadron
CDS,Childress Municipal Airport,Childress
CDV,Merle K (Mudhole) Smith Airport,Cordova
CDW,Essex County Airport,Caldwell
CEC,Jack Mc Namara Field Airport,Crescent City
CEF,Westover ARB/Metropolitan Airport,Chicopee Falls
CEM,Central Airport,Central
CEU,Oconee County Regional Airport,Clemson
CEW,Bob Sikes Airport,Crestview
CEZ,Cortez Municipal Airport,Cortez
CFD,Coulter Field,Bryan
CFV,Coffeyville Municipal Airport,Coffeyville
CGF,Cuyahoga County Airport,Richmond Heights
CGI,Cape Girardeau Regional Airport,Cape Girardeau
CGX,Chicago Meigs Airport,Chicago
CGZ,Casa Grande Municipal Airport,Casa Grande
CHA,Lovell Field,Chattanooga
CHO,Charlottesville Albemarle Airport,Charlottesville VA
CHS,Charleston Air Force Base-International Airport,Charleston
CHU,Chuathbaluk Airport,Chuathbaluk
CIC,Chico Municipal Airport,Chico
CID,The Eastern Iowa Airport,Cedar Rapids
CIK,Chalkyitsik Airport,Chalkyitsik
CIU,Chippewa County International Airport,Sault Ste Marie
CKB,North Central West Virginia Airport,Clarksburg
CKV,Clarksville–Montgomery County Regional Airport,Clarksville
CLD,Mc Clellan-Palomar Airport,Carlsbad
CLE,Cleveland Hopkins International Airport,Cleveland
CLL,Easterwood Field,College Station
CLM,William R Fairchild International Airport,Port Angeles
CLP,Clarks Point Airport,Clarks Point
CLS,Chehalis Centralia Airport,Chehalis
CLT,Charlotte Douglas International Airport,Charlotte
CLU,Columbus Municipal Airport,Columbus
CLW,Clearwater Air Park,Clearwater
CMH,John Glenn Columbus International Airport,Columbus
CMI,University of Illinois Willard Airport,Champaign
CMX,Houghton County Memorial Airport,Hancock
CNM,Cavern City Air Terminal,Carlsbad
CNO,Chino Airport,Chino
CNU,Chanute Martin Johnson Airport,Chanute
CNW,TSTC Waco Airport,Waco
CNY,Canyonlands Field,Moab
COD,Yellowstone Regional Airport,Cody
COE,Coeur D'Alene - Pappy Boyington Field,Coeur d'Alene
COF,Patrick Air Force Base,Coco Beach
CON,Concord Municipal Airport,Concord NH
COS,City of Colorado Springs Municipal Airport,Colorado Springs
COT,Cotulla-La Salle County Airport,Cotulla
COU,Columbia Regional Airport,Columbia
CPR,Casper-Natrona County International Airport,Casper
CRE,Grand Strand Airport,North Myrtle Beach
CRG,Jacksonville Executive at Craig Airport,Jacksonville
CRP,Corpus Christi International Airport,Corpus Christi
CRW,Yeager Airport,Charleston
CSG,Columbus Metropolitan Airport,Columbus
CSM,Clinton Sherman Airport,Clinton
CSV,Crossville Memorial Whitson Field,Crossville
CTB,Cut Bank International Airport,Cutbank
CTH,Chester County G O Carlson Airport,Coatesville
CTY,Cross City Airport,Cross City
CUB,Jim Hamilton L.B. Owens Airport,Columbia
CUH,Cushing Municipal Airport,Cushing
CVG,Cincinnati Northern Kentucky International Airport,Cincinnati
CVN,Clovis Municipal Airport,Clovis
CVO,Corvallis Municipal Airport,Corvallis
CVS,Cannon Air Force Base,Clovis
CWA,Central Wisconsin Airport,Wassau
CWI,Clinton Municipal Airport,Clinton
CXL,Calexico International Airport,Calexico
CXO,Conroe-North Houston Regional Airport,Conroe
CYF,Chefornak Airport,Chefornak
CYS,Cheyenne Regional Jerry Olson Field,Cheyenne
CYT,Yakataga Airport,Yakataga
CZF,Cape Romanzof LRRS Airport,Cape Romanzof
DAA,Davison Army Air Field,Fort Belvoir
DAB,Daytona Beach International Airport,Daytona Beach
DAG,Barstow Daggett Airport,Daggett
DAL,Dallas Love Field,Dallas
DAN,Danville Regional Airport,Danville
DAY,James M Cox Dayton International Airport,Dayton
DBN,W H 'Bud' Barron Airport,Dublin
DBQ,Dubuque Regional Airport,Dubuque IA
DCA,Ronald Reagan Washington National Airport,Washington
DCU,Pryor Field Regional Airport,Decatur
DDC,Dodge City Regional Airport,Dodge City
DEC,Decatur Airport,Decatur
DEN,Denver International Airport,Denver
DET,Coleman A. Young Municipal Airport,Detroit
DFW,Dallas Fort Worth International Airport,Dallas-Fort Worth
DGL,Douglas Municipal Airport,Douglas
DHN,Dothan Regional Airport,Dothan
DHT,Dalhart Municipal Airport,Dalhart
DIK,Dickinson Theodore Roosevelt Regional Airport,Dickinson
DKK,Chautauqua County-Dunkirk Airport,Dunkirk
DLF,DLF Airport,Del Rio
DLG,Dillingham Airport,Dillingham
DLH,Duluth International Airport,Duluth
DLS,Columbia Gorge Regional the Dalles Municipal Airport,The Dalles
DMA,Davis Monthan Air Force Base,Tucson
DMN,Deming Municipal Airport,Deming
DNL,Daniel Field,Augusta
DNN,Dalton Municipal Airport,Dalton
DNV,Vermilion Regional Airport,Danville
DOV,Dover Air Force Base,Dover
DPA,Dupage Airport,West Chicago
DRA,Desert Rock Airport,Mercury
DRE,Drummond Island Airport,Drummond Island
DRG,Deering Airport,Deering
DRI,Beauregard Regional Airport,Deridder
DRO,Durango La Plata County Airport,Durango
DRT,Del Rio International Airport,Del Rio
DSI,Destin Executive Airport,Destin
DSM,Des Moines International Airport,Des Moines
DTA,Delta Municipal Airport,Delta
DTN,Shreveport Downtown Airport,Shreveport
DTW,Detroit Metropolitan Wayne County Airport,Detroit
DUC,Halliburton Field,Duncan
DUG,Bisbee Douglas International Airport,Douglas
DUJ,DuBois Regional Airport,Du Bois
DUT,Unalaska Airport,Unalaska
DVL,Devils Lake Regional Airport,Devils Lake
DVT,Phoenix Deer Valley Airport,Phoenix 
DWH,David Wayne Hooks Memorial Airport,Houston
DXR,Danbury Municipal Airport,Danbury
DYL,Doylestown Airport,Doylestown
DYS,Dyess Air Force Base,Abilene
EAA,Eagle Airport,Eagle
EAT,Pangborn Memorial Airport,Wenatchee
EAU,Chippewa Valley Regional Airport,Eau Claire
ECA,Iosco County Airport,East Tawas
ECG,Elizabeth City Regional Airport & Coast Guard Air Station,Elizabeth City
ECP,Northwest Florida Beaches International Airport,Panama City
EDF,Elmendorf Air Force Base,Anchorage
EDW,Edwards Air Force Base,Edwards Afb
EED,Needles Airport,Needles
EEK,Eek Airport,Eek
EEN,Dillant Hopkins Airport,Keene
EFD,Ellington Airport,Houston
EGE,Eagle County Regional Airport,Vail
EGI,Duke Field,Crestview
EGV,Eagle River Union Airport,Eagle River
EGX,Egegik Airport,Egegik
EHM,Cape Newenham LRRS Airport,Cape Newenham
EIL,Eielson Air Force Base,Fairbanks
EKA,Murray Field,Eureka
EKI,Elkhart Municipal Airport,Elkhart
EKN,Elkins-Randolph Co-Jennings Randolph Field,Elkins
EKO,Elko Regional Airport,Elko
ELD,South Arkansas Regional At Goodwin Field,El Dorado
ELI,Elim Airport,Elim
ELM,Elmira Corning Regional Airport,Elmira
ELP,El Paso International Airport,El Paso
ELV,Elfin Cove Seaplane Base,Elfin Cove
ELY,Ely Airport Yelland Field,Ely
EMK,Emmonak Airport,Emmonak
EMT,San Gabriel Valley Airport,El Monte
ENA,Kenai Municipal Airport,Kenai
END,Vance Air Force Base,Enid
ENN,Nenana Municipal Airport,Nenana
ENV,Wendover Airport,Wendover
ENW,Kenosha Regional Airport,Kenosha
EOK,Keokuk Municipal Airport,Keokuk
ERI,Erie International Tom Ridge Field,Erie
ERV,Kerrville Municipal Louis Schreiner Field,Kerrville
ESC,Delta County Airport,Escanaba
ESD,Orcas Island Airport,Eastsound
ESF,Esler Regional Airport,Alexandria
ESN,Easton Newnam Field,Easton
ETB,West Bend Municipal Airport,WEST BEND
ETS,Enterprise Municipal Airport,Enterprise
EUF,Weedon Field,Eufala
EUG,Mahlon Sweet Field,Eugene
EVV,Evansville Regional Airport,Evansville
EVW,Evanston-Uinta County Airport-Burns Field,Evanston
EWB,New Bedford Regional Airport,New Bedford
EWK,Newton City-County Airport,Newton
EWN,Coastal Carolina Regional Airport,New Bern
EWR,Newark Liberty International Airport,Newark
EYW,Key West International Airport,Key West
FAF,Felker Army Air Field,Fort Eustis
FAI,Fairbanks International Airport,Fairbanks
FAR,Hector International Airport,Fargo
FAT,Fresno Yosemite International Airport,Fresno
FAY,Fayetteville Regional Grannis Field,Fayetteville
FBG,Simmons Army Air Field,Fredericksburg
FBK,Ladd AAF Airfield,Fort Wainwright
FBR,Fort Bridger Airport,Fort Bridger
FCA,Glacier Park International Airport,Kalispell
FCM,Flying Cloud Airport,Eden Prairie
FCS,Butts AAF (Fort Carson) Air Field,Fort Carson
FDY,Findlay Airport,Findley
FET,Fremont Municipal Airport,Fremont
FFA,First Flight Airport,Kill Devil Hills
FFO,Wright-Patterson Air Force Base,Dayton
FFT,Capital City Airport,Frankfort
FHU,Sierra Vista Municipal Libby Army Air Field,Fort Huachuca
FKL,Venango Regional Airport,Franklin
FLD,Fond du Lac County Airport,Fond du Lac
FLG,Flagstaff Pulliam Airport,Flagstaff
FLL,Fort Lauderdale Hollywood International Airport,Fort Lauderdale
FLO,Florence Regional Airport,Florence
FLP,Marion County Regional Airport,Flippin
FLV,Sherman Army Air Field,Fort Leavenworth
FME,Tipton Airport,Fort Meade
FMH,Cape Cod Coast Guard Air Station,Falmouth
FMN,Four Corners Regional Airport,Farmington
FMY,Page Field,Fort Myers
FNL,Northern Colorado Regional Airport,Fort Collins
FNR,Funter Bay Seaplane Base,Funter Bay
FNT,Bishop International Airport,Flint
FOD,Fort Dodge Regional Airport,Fort Dodge
FOE,Topeka Regional Airport - Forbes Field,Topeka
FOK,Francis S Gabreski Airport,West Hampton Beach
FPR,St Lucie County International Airport,Fort Pierce
FRD,Friday Harbor Airport,Friday Harbor
FRG,Republic Airport,Farmingdale
FRI,Marshall Army Air Field,Fort Riley
FRN,Bryant Army Heliport,Fort Richardson
FRY,Eastern Slopes Regional Airport,Fryeburg
FSD,Joe Foss Field Airport,Sioux Falls
FSI,Henry Post Army Air Field (Fort Sill),Fort Sill
FSM,Fort Smith Regional Airport,Fort Smith
FST,Fort Stockton Pecos County Airport,Fort Stockton
FTK,Godman Army Air Field,Fort Knox
FTW,Fort Worth Meacham International Airport,Fort Worth
FTY,Fulton County Airport Brown Field,Atlanta
FUL,Fullerton Municipal Airport,Fullerton
FWA,Fort Wayne International Airport,Fort Wayne
FWH,NAS Fort Worth JRB/Carswell Field,Dallas
FXE,Fort Lauderdale Executive Airport,Fort Lauderdale
FYU,Fort Yukon Airport,Fort Yukon
FYV,Drake Field,Fayetteville
GAD,Northeast Alabama Regional Airport,Gadsden
GAI,Montgomery County Airpark,Gaithersburg
GAL,Edward G. Pitka Sr Airport,Galena
GAM,Gambell Airport,Gambell
GBD,Great Bend Municipal Airport,Great Bend
GBG,Galesburg Municipal Airport,Galesburg
GCC,Gillette Campbell County Airport,Gillette
GCK,Garden City Regional Airport,Garden City
GCN,Grand Canyon National Park Airport,Grand Canyon
GDC,Donaldson Field Airport,Greenville
GDV,Dawson Community Airport,Glendive
GDW,Gladwin Zettel Memorial Airport,Gladwin
GED,Sussex County Airport,Georgetown
GEG,Spokane International Airport,Spokane
GFK,Grand Forks International Airport,Grand Forks
GFL,Floyd Bennett Memorial Airport,Queensbury
GGE,Georgetown County Airport,Georgetown
GGG,East Texas Regional Airport,Longview
GGW,Wokal Field Glasgow International Airport,Glasgow
GIF,Winter Haven Regional Airport - Gilbert Field,Winter Haven
GJT,Grand Junction Regional Airport,Grand Junction
GKN,Gulkana Airport,Gulkana
GLD,Renner Field-Goodland Municipal Airport,Goodland
GLH,Mid Delta Regional Airport,Greenville
GLR,Gaylord Regional Airport,GAYLORD
GLS,Scholes International At Galveston Airport,Galveston
GLV,Golovin Airport,Golovin
GLW,Glasgow Municipal Airport,Glasgow
GMU,Greenville Downtown Airport,Greenville
GMV,Monument Valley Airport,Monument Valley
GNT,Grants-Milan Municipal Airport,Grants
GNV,Gainesville Regional Airport,Gainesville
GON,Groton New London Airport,Groton CT
GPT,Gulfport Biloxi International Airport,Gulfport
GPZ,Grand Rapids Itasca Co-Gordon Newstrom field,Grand Rapids MN
GQQ,Galion Municipal Airport,Galion
GRB,Austin Straubel International Airport,Green Bay
GRF,Gray Army Air Field,Fort Lewis
GRI,Central Nebraska Regional Airport,Grand Island
GRK,Robert Gray  Army Air Field Airport,Killeen
GRM,Grand Marais Cook County Airport,Grand Marais
GRR,Gerald R. Ford International Airport,Grand Rapids
GSB,Seymour Johnson Air Force Base,Goldsboro
GSO,Piedmont Triad International Airport,Greensboro
GSP,Greenville Spartanburg International Airport,Greenville
GST,Gustavus Airport,Gustavus
GTF,Great Falls International Airport,Great Falls
GTR,Golden Triangle Regional Airport,Columbus Mississippi
GUC,Gunnison Crested Butte Regional Airport,Gunnison
GUF,Jack Edwards Airport,Gulf Shores
GUP,Gallup Municipal Airport,Gallup
GUS,Grissom Air Reserve Base,Peru
GUY,Guymon Municipal Airport,Guymon
GVL,Lee Gilmer Memorial Airport,Gainesville
GVT,Majors Airport,Greenvile
GWO,Greenwood–Leflore Airport,Greenwood
GXY,Greeley–Weld County Airport,Greeley
GYR,Phoenix Goodyear Airport,Goodyear
GYY,Gary Chicago International Airport,Gary
HAF,Half Moon Bay Airport,Half Moon Bay
HAO,Butler Co Regional Airport - Hogan Field,Hamilton
HAR,Capital City Airport,Harrisburg
HBG,Hattiesburg Bobby L Chain Municipal Airport,Hattiesburg
HBR,Hobart Regional Airport,Hobart
HCR,Holy Cross Airport,Holy Cross
HCW,Cheraw Municipal Airport/Lynch Bellinger Field,Cheraw
HDE,Brewster Field,Holdredge
HDH,Dillingham Airfield,Dillingham
HDI,Hardwick Field,Cleveland
HDN,Yampa Valley Airport,Hayden
HFD,Hartford Brainard Airport,Hartford
HGR,Hagerstown Regional Richard A Henson Field,Hagerstown
HHH,Hilton Head Airport,Hilton Head Island
HHI,Wheeler Army Airfield,Wahiawa
HHR,Jack Northrop Field Hawthorne Municipal Airport,Hawthorne
HIB,Range Regional Airport,Hibbing
HIF,Hill Air Force Base,Ogden
HII,Lake Havasu City Airport,Lake Havasu City
HIO,Portland Hillsboro Airport,Hillsboro
HKY,Hickory Regional Airport,Hickory
HLG,Wheeling Ohio County Airport,Wheeling
HLI,Hollister Municipal Airport,Hollister
HLN,Helena Regional Airport,Helena
HLR,Hood Army Air Field,Fort Hood
HMN,Holloman Air Force Base,Alamogordo
HNH,Hoonah Airport,Hoonah
HNL,Daniel K Inouye International Airport,Honolulu
HNM,Hana Airport,Hana
HNS,Haines Airport,Haines
HOB,Lea County Regional Airport,Hobbs
HOM,Homer Airport,Homer
HON,Huron Regional Airport,Huron
HOP,Campbell AAF (Fort Campbell) Air Field,Hopkinsville
HOT,Memorial Field,Hot Springs
HOU,William P Hobby Airport,Houston
HPB,Hooper Bay Airport,Hooper Bay
HPN,Westchester County Airport,White Plains
HQM,Bowerman Airport,Hoquiam
HRL,Valley International Airport,Harlingen
HRO,Boone County Airport,Harrison
HSH,Henderson Executive Airport,Henderson
HSL,Huslia Airport,Huslia
HST,Homestead ARB Airport,Homestead
HSV,Huntsville International Carl T Jones Field,Huntsville
HTL,Roscommon County - Blodgett Memorial Airport,Houghton Lake
HTS,Tri-State/Milton J. Ferguson Field,Huntington
HTV,Huntsville Regional Airport,Huntsville
HUA,Redstone Army Air Field,Redstone
HUF,"Terre Haute Regional Airport, Hulman Field",Terre Haute
HUL,Houlton International Airport,Houlton
HUS,Hughes Airport,Hughes
HUT,Hutchinson Municipal Airport,Hutchinson
HVN,Tweed New Haven Airport,New Haven
HVR,Havre City County Airport,Havre
HVS,Hartsville Regional Airport,Hartsville
HWD,Hayward Executive Airport,Hayward
HWO,North Perry Airport,Hollywood
HYA,Barnstable Municipal Boardman Polando Field,Barnstable
HYG,Hydaburg Seaplane Base,Hydaburg
HYR,Sawyer County Airport,Hayward
HYS,Hays Regional Airport,Hays
HZL,Hazleton Municipal Airport,Hazleton
IAB,Mc Connell Air Force Base,Wichita
IAD,Washington Dulles International Airport,Washington
IAG,Niagara Falls International Airport,Niagara Falls
IAH,George Bush Intercontinental Houston Airport,Houston
IAN,Bob Baker Memorial Airport,Kiana
ICT,Wichita Eisenhower National Airport,Wichita
IDA,Idaho Falls Regional Airport,Idaho Falls
IDP,Independence Municipal Airport,Independence
IGG,Igiugig Airport,Igiugig
IKB,Wilkes County Airport,North Wilkesboro
IKK,Greater Kankakee Airport,Kankakee
IKO,Nikolski Air Station,Nikolski
ILG,New Castle Airport,Wilmington
ILI,Iliamna Airport,Iliamna
ILM,Wilmington International Airport,Wilmington
ILN,Wilmington Airpark,Wilmington
IMM,Immokalee Regional Airport,Immokalee 
IMT,Ford Airport,Iron Mountain
IND,Indianapolis International Airport,Indianapolis
INK,Winkler County Airport,Wink
INL,Falls International Airport,International Falls
INS,Creech Air Force Base,Indian Springs
INT,Smith Reynolds Airport,Winston-salem
INW,Winslow Lindbergh Regional Airport,Winslow
IOW,Iowa City Municipal Airport,Iowa City
IPL,Imperial County Airport,Imperial
IPT,Williamsport Regional Airport,Williamsport
IRB,Iraan Municipal Airport,Iraan
IRC,Circle City /New/ Airport,Circle
IRK,Kirksville Regional Airport,Kirksville
ISM,Kissimmee Gateway Airport,Kissimmee
ISN,Sloulin Field International Airport,Williston
ISO,Kinston Regional Jetport At Stallings Field,Kinston
ISP,Long Island Mac Arthur Airport,Islip
ISW,Alexander Field South Wood County Airport,Wisconsin Rapids
ITH,Ithaca Tompkins Regional Airport,Ithaca
ITO,Hilo International Airport,Hilo
IWS,West Houston Airport,Houston
IYK,Inyokern Airport,Inyokern
JAC,Jackson Hole Airport,Jacksn Hole
JAN,Jackson-Medgar Wiley Evers International Airport,Jackson
JAS,Jasper County Airport-Bell Field,Jasper
JAX,Jacksonville International Airport,Jacksonville
JBR,Jonesboro Municipal Airport,Jonesboro
JCI,New Century Aircenter Airport,Olathe
JCT,Kimble County Airport,Junction
JEF,Jefferson City Memorial Airport,Jefferson City
JFK,John F Kennedy International Airport,New York
JHM,Kapalua Airport,Lahania-kapalua
JHW,Chautauqua County-Jamestown Airport,Jamestown
JLN,Joplin Regional Airport,Joplin
JMS,Jamestown Regional Airport,Jamestown
JNU,Juneau International Airport,Juneau
JOT,Joliet Regional Airport,Joliet
JRA,West 30th St. Heliport,New York
JRB,Downtown-Manhattan/Wall St Heliport,New York
JRF,Kalaeloa Airport,Kapolei
JST,John Murtha Johnstown Cambria County Airport,Johnstown
JVL,Southern Wisconsin Regional Airport,Janesville
JXN,Jackson County Reynolds Field,Jackson
KAL,Kaltag Airport,Kaltag
KFP,False Pass Airport,False Pass
KGK,Koliganek Airport,Koliganek
KKA,Koyuk Alfred Adams Airport,Koyuk
KKH,Kongiganak Airport,Kongiganak
KLG,Kalskag Airport,Kalskag
KLN,Larsen Bay Airport,Larsen Bay
KLS,Southwest Washington Regional Airport,Kelso
KLW,Klawock Airport,Klawock
KMO,Manokotak Airport,Manokotak
KNW,New Stuyahok Airport,New Stuyahok
KOA,Ellison Onizuka Kona International At Keahole Airport,Kona
KOT,Kotlik Airport,Kotlik
KPC,Port Clarence Coast Guard Station,Port Clarence
KPN,Kipnuk Airport,Kipnuk
KPV,Perryville Airport,Perryville
KQA,Akutan Seaplane Base,Akutan
KSM,St Mary's Airport,St Mary's
KTN,Ketchikan International Airport,Ketchikan
KTS,Brevig Mission Airport,Brevig Mission
KUK,Kasigluk Airport,Kasigluk
KVC,King Cove Airport,King Cove
KVL,Kivalina Airport,Kivalina
KWK,Kwigillingok Airport,Kwigillingok
KWN,Quinhagak Airport,Quinhagak
KWT,Kwethluk Airport,Kwethluk
KYK,Karluk Airport,Karluk
KYU,Koyukuk Airport,Koyukuk
LAA,Lamar Municipal Airport,Lamar
LAF,Purdue University Airport,Lafayette
LAL,Lakeland Linder International Airport,Lakeland
LAM,Los Alamos Airport,Los Alamos
LAN,Capital City Airport,Lansing
LAR,Laramie Regional Airport,Laramie
LAS,McCarran International Airport,Las Vegas
LAW,Lawton Fort Sill Regional Airport,Lawton
LAX,Los Angeles International Airport,Los Angeles
LBB,Lubbock Preston Smith International Airport,Lubbock
LBE,Arnold Palmer Regional Airport,Latrobe
LBF,North Platte Regional Airport Lee Bird Field,North Platte
LBL,Liberal Mid-America Regional Airport,Liberal
LBT,Lumberton Regional Airport,Lumberton
LCH,Lake Charles Regional Airport,Lake Charles
LCK,Rickenbacker International Airport,Columbus
LCQ,Lake City Gateway Airport,Lake City
LDJ,Linden Airport,Linden
LDM,Mason County Airport,Ludington
LEB,Lebanon Municipal Airport,Lebanon
LEE,Leesburg International Airport,Leesburg
LEW,Auburn Lewiston Municipal Airport,Lewiston
LEX,Blue Grass Airport,Lexington KY
LFI,Langley Air Force Base,Hampton
LFK,Angelina County Airport,Lufkin
LFT,Lafayette Regional Airport,Lafayette
LGA,La Guardia Airport,New York
LGB,Long Beach /Daugherty Field/ Airport,Long Beach
LGC,LaGrange Callaway Airport,LaGrange
LGD,La Grande/Union County Airport,La Grande
LGU,Logan-Cache Airport,Logan
LHV,William T. Piper Memorial Airport,Lock Haven
LIH,Lihue Airport,Lihue
LIT,Bill & Hillary Clinton National Airport/Adams Field,Little Rock
LIY,Wright AAF (Fort Stewart)/Midcoast Regional Airport,Wright
LJN,Texas Gulf Coast Regional Airport,Angleton
LKP,Lake Placid Airport,Lake Placid
LKV,Lake County Airport,Lakeview
LLY,South Jersey Regional Airport,Mount Holly
LMA,Minchumina Airport,Lake Minchumina
LMT,Crater Lake-Klamath Regional Airport,Klamath Falls
LNA,Palm Beach County Park Airport,West Palm Beach
LNK,Lincoln Airport,Lincoln
LNN,Willoughby Lost Nation Municipal Airport,Willoughby
LNR,Tri-County Regional Airport,Lone Rock
LNS,Lancaster Airport,Lancaster
LNY,Lanai Airport,Lanai
LOL,Derby Field,Lovelock
LOT,Lewis University Airport,Lockport
LOU,Bowman Field,Louisville
LOZ,London-Corbin Airport/Magee Field,London
LPC,Lompoc Airport,Lompoc
LPS,Lopez Island Airport,Lopez
LRD,Laredo International Airport,Laredo
LRF,Little Rock Air Force Base,Jacksonville
LRU,Las Cruces International Airport,Las Cruces
LSE,La Crosse Municipal Airport,La Crosse
LSF,Lawson Army Air Field (Fort Benning),Fort Benning
LSV,Nellis Air Force Base,Las Vegas
LTS,Altus Air Force Base,Altus
LUF,Luke Air Force Base,Phoenix
LUK,Cincinnati Municipal Airport Lunken Field,Cincinnati
LUP,Kalaupapa Airport,Molokai
LUR,Cape Lisburne LRRS Airport,Cape Lisburne
LVK,Livermore Municipal Airport,Livermore
LVM,Mission Field,Livingston-Montana
LVS,Las Vegas Municipal Airport,Las Vegas
LWB,Greenbrier Valley Airport,Lewisburg
LWC,Lawrence Municipal Airport,Lawrence
LWM,Lawrence Municipal Airport,Lawrence
LWS,Lewiston Nez Perce County Airport,Lewiston
LWT,Lewistown Municipal Airport,Lewistown
LXN,Jim Kelly Field,Lexington
LYH,Lynchburg Regional Preston Glenn Field,Lynchburg
LYU,Ely Municipal Airport,Ely
LZU,Gwinnett County Briscoe Field,Lawrenceville
MAE,Madera Municipal Airport,Madera
MAF,Midland International Airport,Midland
MBG,Mobridge Municipal Airport,Mobridge
MBL,Manistee Co Blacker Airport,Manistee
MBS,MBS International Airport,Saginaw
MCB,Mc Comb/Pike County Airport/John E Lewis Field,Mc Comb
MCC,Mc Clellan Airfield,Sacramento
MCE,Merced Regional Macready Field,Merced
MCF,Mac Dill Air Force Base,Tampa
MCG,McGrath Airport,Mcgrath
MCI,Kansas City International Airport,Kansas City
MCK,Mc Cook Ben Nelson Regional Airport,McCook
MCL,McKinley National Park Airport,McKinley Park
MCN,Middle Georgia Regional Airport,Macon
MCO,Orlando International Airport,Orlando
MCW,Mason City Municipal Airport,Mason City
MDH,Southern Illinois Airport,Carbondale/Murphysboro
MDT,Harrisburg International Airport,Harrisburg
MDW,Chicago Midway International Airport,Chicago
MEI,Key Field,Meridian
MEM,Memphis International Airport,Memphis
MEO,Dare County Regional Airport,Manteo
MER,Castle Airport,Merced
MFD,Mansfield Lahm Regional Airport,Mansfield
MFE,Mc Allen Miller International Airport,Mcallen
MFI,Marshfield Municipal Airport,Marshfield
MFR,Rogue Valley International Medford Airport,Medford
MGC,Michigan City Municipal Airport,Michigan City
MGE,Dobbins Air Reserve Base,Marietta
MGJ,Orange County Airport,Montgomery
MGM,Montgomery Regional (Dannelly Field) Airport,MONTGOMERY
MGW,Morgantown Municipal Walter L. Bill Hart Field,Morgantown
MGY,Dayton-Wright Brothers Airport,Dayton
MHE,Mitchell Municipal Airport,Mitchell
MHK,Manhattan Regional Airport,Manhattan
MHR,Sacramento Mather Airport,Sacramento
MHT,Manchester-Boston Regional Airport,Manchester NH
MHV,Mojave Airport,Mojave
MIA,Miami International Airport,Miami
MIB,Minot Air Force Base,Minot
MIE,Delaware County Johnson Field,Muncie
MIV,Millville Municipal Airport,Millville
MKC,Charles B. Wheeler Downtown Airport,Kansas City
MKE,General Mitchell International Airport,Milwaukee
MKG,Muskegon County Airport,Muskegon
MKK,Molokai Airport,Molokai
MKL,McKellar-Sipes Regional Airport,Jackson
MLB,Melbourne International Airport,Melbourne
MLC,Mc Alester Regional Airport,Mcalester
MLI,Quad City International Airport,Moline
MLL,Marshall Don Hunter Sr Airport,Marshall
MLS,Frank Wiley Field,Miles City
MLU,Monroe Regional Airport,Monroe
MLY,Manley Hot Springs Airport,Manley Hot Springs
MMH,Mammoth Yosemite Airport,Mammoth Lakes
MMI,McMinn County Airport,Athens
MMT,Mc Entire Joint National Guard Base,Eastover
MMU,Morristown Municipal Airport,Morristown
MNM,Menominee Regional Airport,Macon
MNZ,Manassas Regional Airport/Harry P. Davis Field,Manassas
MOB,Mobile Regional Airport,Mobile
MOD,Modesto City Co-Harry Sham Field,Modesto
MOT,Minot International Airport,Minot
MOU,Mountain Village Airport,Mountain Village
MPO,Pocono Mountains Municipal Airport,Mount Pocono
MPV,Edward F Knapp State Airport,Montpelier
MQT,Sawyer International Airport,Gwinn
MQY,Smyrna Airport,Smyrna
MRB,Eastern WV Regional Airport/Shepherd Field,Martinsburg
MRF,Marfa Municipal Airport,Marfa
MRI,Merrill Field,Anchorage
MRK,Marco Island Executive Airport,Marco Island Airport
MRN,Foothills Regional Airport,Morganton
MRY,Monterey Peninsula Airport,Monterey
MSC,Falcon Field,Mesa
MSL,Northwest Alabama Regional Airport,Muscle Shoals
MSN,Dane County Regional Truax Field,Madison
MSO,Missoula International Airport,Missoula
MSP,Minneapolis-St Paul International/Wold-Chamberlain Airport,Minneapolis
MSS,Massena International Richards Field,Massena
MSY,Louis Armstrong New Orleans International Airport,New Orleans
MTC,Selfridge Air National Guard Base Airport,Mount Clemens
MTH,The Florida Keys Marathon Airport,Marathon
MTJ,Montrose Regional Airport,Montrose CO
MTM,Metlakatla Seaplane Base,Metakatla
MTN,Martin State Airport,Baltimore
MTP,Montauk Airport,Montauk
MUE,Waimea Kohala Airport,Kamuela
MUI,Muir Army Air Field (Fort Indiantown Gap) Airport,Muir
MUO,Mountain Home Air Force Base,Mountain Home
MVL,Morrisville Stowe State Airport,Morrisville
MVW,Skagit Regional Airport,Skagit
MVY,Martha's Vineyard Airport,Vineyard Haven MA
MWA,Williamson County Regional Airport,Marion
MWC,Lawrence J Timmerman Airport,Milwaukee
MWH,Grant County International Airport,Grant County Airport
MWL,Mineral Wells Airport,Mineral Wells
MXF,Maxwell Air Force Base,Montgomery
MYL,McCall Municipal Airport,McCall
MYR,Myrtle Beach International Airport,Myrtle Beach
MYU,Mekoryuk Airport,Mekoryuk
MYV,Yuba County Airport,Yuba City
MZJ,Pinal Airpark,Marana
NBG,New Orleans NAS JRB/Alvin Callender Field,New Orleans
NCN,Chenega Bay Airport,Chenega
NCO,Quonset State Airport,North Kingstown
NEL,Lakehurst Maxfield Field Airport,Lakehurst
NEW,Lakefront Airport,New Orleans
NFL,Fallon Naval Air Station,Fallon
NGF,Kaneohe Bay MCAS (Marion E. Carl Field) Airport,Kaneohe Bay
NGU,Norfolk Naval Station (Chambers Field),Norfolk
NGZ,Alameda Naval Air Station,Alameda
NHK,Patuxent River Naval Air Station (Trapnell Field),Patuxent River
NHZ,Brunswick Executive Airport,Brunswick
NIB,Nikolai Airport,Nikolai
NIP,Jacksonville Naval Air Station (Towers Field),Jacksonville
NJK,El Centro NAF Airport (Vraciu Field),El Centro
NKX,Miramar Marine Corps Air Station - Mitscher Field,Miramar
NLC,Lemoore Naval Air Station (Reeves Field) Airport,Lemoore
NLG,Nelson Lagoon Airport,Nelson Lagoon
NME,Nightmute Airport,Nightmute
NNL,Nondalton Airport,Nondalton
NOT,Marin County Airport - Gnoss Field,Novato
NPA,Pensacola Naval Air Station/Forrest Sherman Field,Pensacola
NQA,Millington-Memphis Airport,Millington
NQI,Kingsville Naval Air Station,Kingsville
NQX,Naval Air Station Key West/Boca Chica Field,Key West
NRB,Naval Station Mayport (Admiral David L. Mcdonald Field),Mayport
NSE,Whiting Field Naval Air Station - North,Milton
NTD,Point Mugu Naval Air Station (Naval Base Ventura Co),Point Mugu
NTU,Oceana Naval Air Station,Oceana
NUI,Nuiqsut Airport,Nuiqsut
NUL,Nulato Airport,Nulato
NUQ,Moffett Federal Airfield,Mountain View
NUW,Whidbey Island Naval Air Station (Ault Field),Whidbey Island
NXX,Willow Grove Naval Air Station/Joint Reserve Base,Willow Grove
NZJ,El Toro Marine Corps Air Station,Santa Ana
NZY,North Island Naval Air Station-Halsey Field,San Diego
OAJ,Albert J Ellis Airport,Jacksonville NC
OAK,Metropolitan Oakland International Airport,Oakland
OAR,Marina Municipal Airport,Fort Ord
OBE,Okeechobee County Airport,Okeechobee
OBU,Kobuk Airport,Kobuk
OCA,Ocean Reef Club Airport,Ocean Reef Club Airport
OCF,Ocala International Airport - Jim Taylor Field,Ocala
OCW,Warren Field,Washington
OEL,Oryol Yuzhny Airport,Oakley
OFF,Offutt Air Force Base,Omaha
OFK,Karl Stefan Memorial Airport,Norfolk  Nebraska
OGB,Orangeburg Municipal Airport,Orangeburg
OGD,Ogden Hinckley Airport,Ogden
OGG,Kahului Airport,Kahului
OGS,Ogdensburg International Airport,Ogdensburg
OJC,Johnson County Executive Airport,Olathe
OKC,Will Rogers World Airport,Oklahoma City
OKK,Kokomo Municipal Airport,Kokomo
OKM,Okmulgee Regional Airport,Okmulgee
OLF,L M Clayton Airport,Wolf Point
OLM,Olympia Regional Airport,Olympia
OLS,Nogales International Airport,Nogales
OLV,Olive Branch Airport,Olive Branch
OMA,Eppley Airfield,Omaha
OME,Nome Airport,Nome
ONO,Ontario Municipal Airport,Ontario
ONP,Newport Municipal Airport,Newport
ONT,Ontario International Airport,Ontario
OOK,Toksook Bay Airport,Toksook Bay
OPF,Opa-locka Executive Airport,Miami
ORD,Chicago O'Hare International Airport,Chicago
ORF,Norfolk International Airport,Norfolk
ORH,Worcester Regional Airport,Worcester
ORL,Orlando Executive Airport,Orlando
ORT,Northway Airport,Northway
ORV,Robert (Bob) Curtis Memorial Airport,Noorvik
OSC,Oscoda Wurtsmith Airport,Oscoda
OSH,Wittman Regional Airport,Oshkosh
OSU,The Ohio State University Airport - Don Scott Field,Columbus
OTH,Southwest Oregon Regional Airport,North Bend
OTK,Tillamook Airport,Tillamook
OTM,Ottumwa Regional Airport,Ottumwa
OTZ,Ralph Wien Memorial Airport,Kotzebue
OWB,Owensboro Daviess County Airport,Owensboro
OWD,Norwood Memorial Airport,Norwood
OXC,Waterbury Oxford Airport,Oxford
OXR,Oxnard Airport,Oxnard
OZA,Ozona Municipal Airport,Ozona
OZR,Cairns AAF (Fort Rucker) Air Field,Fort Rucker/Ozark
PAE,Snohomish County (Paine Field) Airport,Everett
PAH,Barkley Regional Airport,PADUCAH
PAM,Tyndall Air Force Base,Panama City
PAO,Palo Alto Airport of Santa Clara County,Palo Alto
PAQ,"Warren ""Bud"" Woods Palmer Municipal Airport",Palmer
PBF,"Pine Bluff Regional Airport, Grider Field",Pine Bluff
PBG,Plattsburgh International Airport,Plattsburgh
PBI,Palm Beach International Airport,West Palm Beach
PCD,Prairie Du Chien Municipal Airport,Prairie du Chien
PDK,DeKalb Peachtree Airport,Atlanta
PDT,Eastern Oregon Regional At Pendleton Airport,Pendleton
PDX,Portland International Airport,Portland
PEQ,Pecos Municipal Airport,Pecos
PFN,Panama City-Bay Co International Airport,Panama City
PGA,Page Municipal Airport,Page
PGD,Charlotte County Airport,Punta Gorda
PGV,Pitt Greenville Airport,Greenville
PHD,Harry Clever Field,New Philadelpha
PHF,Newport News Williamsburg International Airport,Newport News
PHK,Palm Beach County Glades Airport,Pahokee
PHL,Philadelphia International Airport,Philadelphia
PHN,St Clair County International Airport,Port Huron
PHX,Phoenix Sky Harbor International Airport,Phoenix
PIA,General Wayne A. Downing Peoria International Airport,Peoria
PIB,Hattiesburg Laurel Regional Airport,Hattiesburg/Laurel
PIE,St Petersburg Clearwater International Airport,St. Petersburg
PIH,Pocatello Regional Airport,Pocatello
PIM,Harris County Airport,Pine Mountain
PIP,Pilot Point Airport,Pilot Point
PIR,Pierre Regional Airport,Pierre
PIT,Pittsburgh International Airport,Pittsburgh
PIZ,Point Lay LRRS Airport,Point Lay
PKA,Napaskiak Airport,Napaskiak
PKB,Mid Ohio Valley Regional Airport,PARKERSBURG
PLN,Pellston Regional Airport of Emmet County Airport,Pellston
PMB,Pembina Municipal Airport,Pembina
PMD,Palmdale Regional/USAF Plant 42 Airport,Palmdale
PMH,Greater Portsmouth Regional Airport,Portsmouth
PML,Port Moller Airport,Cold Bay
PNC,Ponca City Regional Airport,Ponca City
PNE,Northeast Philadelphia Airport,Philadelphia
PNS,Pensacola Regional Airport,Pensacola
POB,Pope Field,Fort Bragg
POC,Brackett Field,La Verne
POE,Polk Army Air Field,Fort Polk
POF,Poplar Bluff Municipal Airport,Poplar Bluff
POU,Dutchess County Airport,Poughkeepsie
PPA,Perry Lefors Field,Pampa
PPC,Prospect Creek Airport,Prospect Creek
PPF,Tri-City Airport,Parsons
PPM,Pompano Beach Airpark,Pompano Beach
PQI,Northern Maine Regional Airport at Presque Isle,Presque Isle
PRB,Paso Robles Municipal Airport,Paso Robles
PRC,Ernest A. Love Field,Prescott
PRX,Cox Field,Paris
PRZ,Prineville Airport,Prineville
PSC,Tri Cities Airport,Pasco
PSG,Petersburg James A Johnson Airport,Petersburg
PSM,Portsmouth International at Pease Airport,Portsmouth
PSP,Palm Springs International Airport,Palm Springs
PSX,Palacios Municipal Airport,Palacios
PTA,Port Alsworth Airport,Port alsworth
PTB,Dinwiddie County Airport,Petersburg
PTH,Port Heiden Airport,Port Heiden
PTK,Oakland County International Airport,Pontiac
PTT,Pratt Regional Airport,Pratt
PTU,Platinum Airport,Port Moller
PUB,Pueblo Memorial Airport,Pueblo
PUC,Carbon County Regional/Buck Davis Field,Price
PUW,Pullman Moscow Regional Airport,Pullman
PVC,Provincetown Municipal Airport,Provincetown
PVD,Theodore Francis Green State Airport,Providence
PVL,Pike County-Hatcher Field,Pikeville
PVU,Provo Municipal Airport,Provo
PWA,Wiley Post Airport,Oklahoma City
PWK,Chicago Executive Airport,Chicago-Wheeling
PWM,Portland International Jetport Airport,Portland
PWT,Bremerton National Airport,Bremerton
PWY,Ralph Wenz Field,Pinedale
PYM,Plymouth Municipal Airport,Plymouth
RAC,John H Batten Airport,Racine
RAL,Riverside Municipal Airport,Riverside
RAP,Rapid City Regional Airport,Rapid City
RBD,Dallas Executive Airport,Dallas
RBK,French Valley Airport,Murrieta-Temecula
RBL,Red Bluff Municipal Airport,Red Bluff
RBY,Ruby Airport,Ruby
RCA,Ellsworth Air Force Base,Rapid City
RDB,Red Dog Airport,Red Dog
RDD,Redding Municipal Airport,Redding
RDG,Reading Regional Carl A Spaatz Field,Reading
RDM,Roberts Field,Redmond-Bend
RDR,Grand Forks Air Force Base,Red River
RDU,Raleigh Durham International Airport,Raleigh-durham
RFD,Chicago Rockford International Airport,Rockford
RHI,Rhinelander Oneida County Airport,Rhinelander
RHV,Reid-Hillview Airport of Santa Clara County,San Jose
RIC,Richmond International Airport,Richmond
RIL,Garfield County Regional Airport,Rifle
RIV,March ARB Airport,Riverside
RIW,Riverton Regional Airport,Riverton WY
RKD,Knox County Regional Airport,Rockland
RKH,Rock Hill - York County Airport,Rock Hill
RKP,Aransas County Airport,Rockport
RKS,Southwest Wyoming Regional Airport,Rock Springs
RME,Griffiss International Airport,Rome
RMG,Richard B Russell Airport,Rome
RMY,Mariposa Yosemite Airport,Mariposa
RND,Randolph Air Force Base,San Antonio
RNO,Reno Tahoe International Airport,Reno
RNT,Renton Municipal Airport,Renton
RNZ,Jasper County Airport,Rensselaer
ROA,Roanoke–Blacksburg Regional Airport,Roanoke VA
ROC,Greater Rochester International Airport,Rochester
ROW,Roswell International Air Center Airport,Roswell
RSH,Russian Mission Airport,Russian Mission
RSL,Russell Municipal Airport,Russell
RST,Rochester International Airport,Rochester
RSW,Southwest Florida International Airport,Fort Myers
RTN,Raton Municipal-Crews Field,Raton
RUI,Sierra Blanca Regional Airport,Ruidoso
RUT,Rutland - Southern Vermont Regional Airport,Rutland
RVS,Richard Lloyd Jones Jr Airport,Tulsa
RWF,Redwood Falls Municipal Airport,Redwood Falls
RWI,Rocky Mount Wilson Regional Airport,Rocky Mount
RWL,Rawlins Municipal Airport/Harvey Field,Rawlins
SAA,Shively Field,SARATOGA
SAC,Sacramento Executive Airport,Sacramento
SAD,Safford Regional Airport,Safford
SAF,Santa Fe Municipal Airport,Santa Fe
SAN,San Diego International Airport,San Diego
SAT,San Antonio International Airport,San Antonio
SAV,Savannah Hilton Head International Airport,Savannah
SBA,Santa Barbara Municipal Airport,Santa Barbara
SBD,San Bernardino International Airport,San Bernardino
SBM,Sheboygan County Memorial Airport,Sheboygan
SBN,South Bend Regional Airport,South Bend
SBP,San Luis County Regional Airport,San Luis Obispo
SBS,Steamboat Springs Bob Adams Field,Steamboat Springs
SBY,Salisbury Ocean City Wicomico Regional Airport,Salisbury
SCC,Deadhorse Airport,Deadhorse
SCE,University Park Airport,State College Pennsylvania
SCF,Scottsdale Airport,Scottsdale
SCH,Schenectady County Airport,Scotia NY
SCK,Stockton Metropolitan Airport,Stockton
SCM,Scammon Bay Airport,Scammon Bay
SDF,Louisville International Standiford Field,Louisville
SDM,Brown Field Municipal Airport,San Diego
SDP,Sand Point Airport,Sand Point
SDX,Sedona Airport,Sedona
SDY,Sidney - Richland Regional Airport,Sidney
SEA,Seattle Tacoma International Airport,Seattle
SEE,Gillespie Field,El Cajon
SEF,Sebring Regional Airport,Sebring
SEM,Craig Field,Selma
SEP,Stephenville Clark Regional Airport,Stephenville
SFB,Orlando Sanford International Airport,Sanford
SFF,Felts Field,Spokane
SFO,San Francisco International Airport,San Francisco
SFZ,North Central State Airport,Smithfield
SGF,Springfield Branson National Airport,Springfield
SGH,Springfield-Beckley Municipal Airport,Springfield
SGR,Sugar Land Regional Airport,Sugar Land
SGU,St George Municipal Airport,Saint George
SGY,Skagway Airport,Skagway
SHD,Shenandoah Valley Regional Airport,Weyers Cave
SHG,Shungnak Airport,Shungnak
SHH,Shishmaref Airport,Shishmaref
SHN,Sanderson Field,Shelton
SHR,Sheridan County Airport,Sheridan
SHV,Shreveport Regional Airport,Shreveport
SHX,Shageluk Airport,Shageluk
SIK,Sikeston Memorial Municipal Airport,Sikeston
SIT,Sitka Rocky Gutierrez Airport,Sitka
SJC,Norman Y. Mineta San Jose International Airport,San Jose
SJT,San Angelo Regional Mathis Field,San Angelo
SKA,Fairchild Air Force Base,Spokane
SKF,Lackland Air Force Base,San Antonio
SKK,Shaktoolik Airport,Shaktoolik
SKY,Griffing Sandusky Airport,Sandusky
SLC,Salt Lake City International Airport,Salt Lake City
SLE,Salem Municipal Airport/McNary Field,Salem
SLK,Adirondack Regional Airport,Saranac Lake
SLN,Salina Municipal Airport,Salina
SLQ,Sleetmute Airport,Sleetmute
SMD,Smith Field,Fort Wayne IN
SME,Lake Cumberland Regional Airport,Somerset
SMF,Sacramento International Airport,Sacramento
SMK,St Michael Airport,St. Michael
SMN,Lemhi County Airport,Salmon
SMO,Santa Monica Municipal Airport,Santa Monica
SMX,Santa Maria Pub/Capt G Allan Hancock Field,Santa Maria
SNA,John Wayne Airport-Orange County Airport,Santa Ana
SNP,St Paul Island Airport,St. Paul Island
SNS,Salinas Municipal Airport,Salinas
SNY,Sidney Municipal-Lloyd W Carr Field,Sidney
SOP,Moore County Airport,Pinehurst-Southern Pines
SOV,Seldovia Airport,Seldovia
SOW,Show Low Regional Airport,Show Low
SPA,Spartanburg Downtown Memorial Airport,Spartangurg
SPF,Black Hills Airport-Clyde Ice Field,Spearfish-South Dakota
SPG,Albert Whitted Airport,St. Petersburg
SPI,Abraham Lincoln Capital Airport,Springfield
SPS,Sheppard Air Force Base-Wichita Falls Municipal Airport,Wichita Falls
SPW,Spencer Municipal Airport,Spencer
SQA,Santa Ynez Airport,Santa Ynez
SQL,San Carlos Airport,San Carlos
SRQ,Sarasota Bradenton International Airport,Sarasota
SSC,Shaw Air Force Base,Sumter
SSF,Stinson Municipal Airport,Stinson
SSI,Malcolm McKinnon Airport,Brunswick
STC,St Cloud Regional Airport,Saint Cloud
STE,Stevens Point Municipal Airport,Stevens Point
STG,St George Airport,Point Barrow
STJ,Rosecrans Memorial Airport,Rosecrans
STK,Sterling Municipal Airport,Sterling
STL,St Louis Lambert International Airport,St. Louis
STP,St Paul Downtown Holman Field,St. Paul
STS,Charles M. Schulz Sonoma County Airport,Santa Rosa
SUA,Witham Field,Stuart
SUN,Friedman Memorial Airport,Hailey
SUS,Spirit of St Louis Airport,Null
SUU,Travis Air Force Base,Fairfield
SUX,Sioux Gateway Col. Bud Day Field,Sioux City
SVA,Savoonga Airport,Savoonga
SVH,Statesville Regional Airport,Statesville
SVN,Hunter Army Air Field,Hunter Aaf
SVW,Sparrevohn LRRS Airport,Sparrevohn
SWD,Seward Airport,Seward
SWF,Stewart International Airport,Newburgh
SWO,Stillwater Regional Airport,Stillwater
SXQ,Soldotna Airport,Soldotna
SYA,Eareckson Air Station,Shemya
SYR,Syracuse Hancock International Airport,Syracuse
SZL,Whiteman Air Force Base,Knobnoster
TBN,Waynesville-St. Robert Regional Forney field,Fort Leonardwood
TBR,Statesboro Bulloch County Airport,Statesboro
TCC,Tucumcari Municipal Airport,Tucumcari
TCL,Tuscaloosa Regional Airport,Tuscaloosa AL
TCM,McChord Air Force Base,Tacoma
TCS,Truth Or Consequences Municipal Airport,Truth Or Consequences
TEB,Teterboro Airport,Teterboro
TEX,Telluride Regional Airport,Telluride
TIK,Tinker Air Force Base,Oklahoma City
TIW,Tacoma Narrows Airport,Tacoma
TIX,Space Coast Regional Airport,Titusville
TKA,Talkeetna Airport,Talkeetna
TKF,Truckee Tahoe Airport,Truckee
TKJ,Tok Junction Airport,Tok
TLA,Teller Airport,Teller
TLH,Tallahassee Regional Airport,Tallahassee
TLJ,Tatalina LRRS Airport,Tatalina
TMA,Henry Tift Myers Airport,Tifton
TMB,Kendall-Tamiami Executive Airport,Kendall-tamiami
TNC,Tin City Long Range Radar Station Airport,Tin City
TNT,Dade Collier Training and Transition Airport,Miami
TOA,Zamperini Field,Torrance
TOC,Toccoa Airport - R.G. Letourneau Field,Toccoa
TOG,Togiak Airport,Togiak Village
TOI,Troy Municipal Airport at N Kenneth Campbell Field,Troy
TOL,Toledo Express Airport,Toledo
TOP,Philip Billard Municipal Airport,Topeka
TPA,Tampa International Airport,Tampa
TPF,Peter O Knight Airport,Tampa
TPH,Tonopah Airport,Tonopah
TPL,Draughon Miller Central Texas Regional Airport,Temple
TRI,Tri-Cities Regional TN/VA Airport,BRISTOL
TRM,Jacqueline Cochran Regional Airport,Palm Springs
TSM,Taos Regional Airport,Taos
TTD,Portland Troutdale Airport,Troutdale
TTN,Trenton Mercer Airport,Trenton
TUL,Tulsa International Airport,Tulsa
TUP,Tupelo Regional Airport,Tupelo
TUS,Tucson International Airport,Tucson
TVC,Cherry Capital Airport,Traverse City
TVF,Thief River Falls Regional Airport,Thief River Falls
TVI,Thomasville Regional Airport,Thomasville
TVL,Lake Tahoe Airport,South Lake Tahoe
TWF,Joslin Field Magic Valley Regional Airport,Twin Falls
TXK,Texarkana Regional Webb Field,Texarkana
TYR,Tyler Pounds Regional Airport,Tyler
TYS,McGhee Tyson Airport,Knoxville
TZR,Taszár Air Base,Columbus
UDD,Bermuda Dunes Airport,Palm Springs
UGN,Waukegan National Airport,Chicago
UIN,Quincy Regional Baldwin Field,Quincy
UKI,Ukiah Municipal Airport,Ukiah
UKT,Quakertown Airport,Quakertown
UNK,Unalakleet Airport,Unalakleet
UOS,Franklin County Airport,Sewanee
UOX,University Oxford Airport,Oxford
UPP,Upolu Airport,Opolu
USA,Concord-Padgett Regional Airport,Concord
UST,Northeast Florida Regional Airport,St. Augustine Airport
UTM,Tunica Municipal Airport,Tunica
UTO,Indian Mountain LRRS Airport,Indian Mountains
UUK,Ugnu-Kuparuk Airport,Kuparuk
UVA,Garner Field,Uvalde
VAD,Moody Air Force Base,Valdosta
VAK,Chevak Airport,Chevak
VBG,Vandenberg Air Force Base,Lompoc
VCT,Victoria Regional Airport,Victoria
VCV,Southern California Logistics Airport,Victorville
VDI,Vidalia Regional Airport,Vidalia
VDZ,Valdez Pioneer Field,Valdez
VEE,Venetie Airport,Venetie
VEL,Vernal Regional Airport,Vernal
VGT,North Las Vegas Airport,Las Vegas
VIS,Visalia Municipal Airport,Visalia
VLD,Valdosta Regional Airport,Valdosta
VNC,Venice Municipal Airport,Venice
VNY,Van Nuys Airport,Van Nuys
VOK,Volk Field,Camp Douglas
VPS,Destin-Ft Walton Beach Airport,Valparaiso
VPZ,Porter County Municipal Airport,Valparaiso IN
VQQ,Cecil Airport,Jacksonville
VRB,Vero Beach Regional Airport,Vero Beach
VTN,Miller Field,Valentine
VYS,Illinois Valley Regional Airport-Walter A Duncan Field,Peru
WAA,Wales Airport,Wales
WAL,Wallops Flight Facility Airport,Wallops Island
WBQ,Beaver Airport,Beaver
WBU,Boulder Municipal Airport,Boulder
WBW,Wilkes Barre Wyoming Valley Airport,Wilkes-Barre
WDR,Barrow County Airport,Winder
WFK,Northern Aroostook Regional Airport,Frenchville
WHP,Whiteman Airport,Los Angeles
WJF,General WM J Fox Airfield,Lancaster
WKK,Aleknagik / New Airport,Aleknagik
WKL,Waikoloa Heliport,Waikoloa Village
WLD,Strother Field,Winfield
WLK,Selawik Airport,Selawik
WMC,Winnemucca Municipal Airport,Winnemucca
WMH,Ozark Regional Airport,Mountain Home
WMO,White Mountain Airport,White Mountain
WNA,Napakiak Airport,Napakiak
WRB,Robins Air Force Base,Macon
WRG,Wrangell Airport,Wrangell
WRI,Mc Guire Air Force Base,Wrightstown
WRL,Worland Municipal Airport,Worland
WSD,Condron Army Air Field,White Sands
WSN,South Naknek Nr 2 Airport,South Naknek
WST,Westerly State Airport,Washington County
WTK,Noatak Airport,Noatak
WVI,Watsonville Municipal Airport,Watsonville
WWA,Wasilla Airport,Wasilla
WWD,Cape May County Airport,Wildwood
WWR,West Woodward Airport,Woodward
WYS,Yellowstone Airport,West Yellowstone
XNA,Northwest Arkansas Regional Airport,Bentonville
XSD,Tonopah Test Range Airport,Tonopah
YAK,Yakutat Airport,Yakutat
YIP,Willow Run Airport,Detroit
YKM,Yakima Air Terminal McAllister Field,Yakima
YKN,Chan Gurney Municipal Airport,Yankton
YNG,Youngstown Warren Regional Airport,Youngstown
YUM,Yuma MCAS/Yuma International Airport,Yuma
ZPH,Zephyrhills Municipal Airport,Zephyrhills
ZZV,Zanesville Municipal Airport,Zanesville
